{
    "testcase_6": {
        "UCB1": 3650.2998853093472,
        "EXP3": 3611.5419667277824,
        "MiniBatchEXP3": 3560.838045076531,
        "AR2": 4011.6766927815434,
        "ARB": 585.1408900114643
    },
    "testcase_8": {
        "UCB1": 48917.72444675829,
        "EXP3": 336831.6348417286,
        "MiniBatchEXP3": 346892.7410860202,
        "AR2": 752022.8661334061,
        "ARB": 25153.668984981057
    },
    "testcase_11": {
        "UCB1": 1801552.5015588277,
        "EXP3": 2937419.4870959376,
        "MiniBatchEXP3": 2544042.9343132614,
        "AR2": 4251686.745295581,
        "ARB": 246846.95081211306
    }
}