{
    "testcase_6": {
        "UCB1": 3254.951669576846,
        "EXP3": 3629.1576083769746,
        "MiniBatchEXP3": 3579.3946526219643,
        "AR2": 4011.6766927815434,
        "ARB": 585.1408900114643
    },
    "testcase_8": {
        "UCB1": 739731.5327645375,
        "EXP3": 351694.03056623926,
        "MiniBatchEXP3": 331195.77105853567,
        "AR2": 752022.8661334061,
        "ARB": 25153.668984981057
    },
    "testcase_11": {
        "UCB1": 4249089.543313038,
        "EXP3": 2925775.9635859267,
        "MiniBatchEXP3": 2571514.5374773014,
        "AR2": 4251686.745295581,
        "ARB": 246846.95081211306
    }
}